Model,Accuracy,Precision,Recall,F1-Score
Logistic Regression,0.8066666666666666,0.873015873015873,0.7236842105263158,0.7913669064748201
Decision Tree,0.8133333333333334,0.8333333333333334,0.7894736842105263,0.8108108108108109
Random Forest,0.7866666666666666,0.8235294117647058,0.7368421052631579,0.7777777777777778
